,BIOLOGICO,DINAMIZADO,ESPECIFICO,FITOTERAPICO,GENERICO,NOVO,RADIOFARMACO,SIMILAR
BIOLOGICO,0.07669212616795622,0.008680070832743698,0.02075261702510126,0.0018033282210348771,0.008486925392314723,0.0020270709589575503,0.0012238918997479547,0.0009255682491843908
DINAMIZADO,0.008680070832743698,0.019689360937195224,0.06607295160654936,0.003468968603348109,0.02612244273524541,0.004715808476216338,9.370422357445278e-05,0.0021934437640795377
ESPECIFICO,0.02075261702510126,0.06607295160654936,0.24638091340582344,0.010640210203433781,0.09514229655665664,0.016403976118809307,0.0001854961160555494,0.007567094136410402
FITOTERAPICO,0.0018033282210348771,0.003468968603348109,0.010640210203433781,0.010349535877243642,0.004404098507999281,0.0015719361587387794,0.00016446047402863143,0.0007515461196889784
GENERICO,0.008486925392314723,0.02612244273524541,0.09514229655665664,0.004404098507999281,0.038732353964836055,0.0075020748792362915,6.50192571741101e-05,0.003507215225215233
NOVO,0.0020270709589575503,0.004715808476216338,0.016403976118809307,0.0015719361587387794,0.0075020748792362915,0.01373436191248408,3.824662186712359e-06,0.0017880295722880277
RADIOFARMACO,0.0012238918997479547,9.370422357445278e-05,0.0001854961160555494,0.00016446047402863143,6.50192571741101e-05,3.824662186712359e-06,0.00021800574464260445,1.9123310933561794e-06
SIMILAR,0.0009255682491843908,0.0021934437640795377,0.007567094136410402,0.0007515461196889784,0.003507215225215233,0.0017880295722880277,1.9123310933561794e-06,0.0016713773755933008
